inventory_id	class	disposition	behavior_id
adr-final-design-only	team	fold	-
automation-fully-autonomous-self-provision	team	registry	automation-self-provision
bug-fix-with-future-co-scaffold	team	retired	-
build-scope-matches-change	team	fold	-
clear-stale-git-index-lock	team	registry	git-safety
delegate-exploration	team	registry	delegate-exploration
diff-the-merge-first	team	fold	-
dogfood-verify-after-fix	team	fold	-
instructions-only-what-reader-needs	team	registry	reader-needs-only
jira-get-fields	team	tool-fact	-
l9-implementation-seam-grill	team	existing-doctrine	-
local-branch-no-pr-split	team	fold	-
mcp-tools-self-contained	team	tool-fact	-
never-alter-db-directly	team	registry	database-write-confirmation
no-autonomous-commits-on-protected-branches	team	registry	git-safety
phase-review-gates	team	registry	phase-boundary-review
prefer-instruction-over-hook	team	registry	instruction-before-heuristic-hook
prove-reachability-before-fixing	team	registry	prove-reachability-before-fix
run-readonly-commands-yourself	team	fold	-
spring-bean-constructor-context-test	team	stack-fact	-
verify-commit-content-landed	team	fold	-
verify-external-state	team	fold	-
verify-gaps-before-planning	team	fold	-
verify-hibernate-behavior	team	fold	-
verify-jdk-spec-claims	team	fold	-
verify-without-asking	team	fold	-
check-prd-before-contract-fix	team	fold	-
vue3-bidirectional-watch-guard	team	stack-fact	-
reply-ste100	team	registry	reply-ste100
investigation-closure	team	registry	investigation-closure
lavish-grilling-render	team	registry	lavish-grilling-render
inference-marking	team	registry	truth-grounding
wiring-done-is-consumed	team	registry	wiring-done-is-consumed
name-the-reader	team	fold	-
always-open-a-pr	team	registry	change-landing
verify-hardest-where-you-wrote-it	team	registry	verification-discipline
verify-version-spec-claims	team	registry	verification-discipline
rebuild-round-page	team	registry	lavish-grilling-render
never-reload-answering-page	team	registry	lavish-grilling-render
poll-lavish-tracked-job	team	registry	lavish-grilling-render
render-lavish-repo-renderer	team	registry	lavish-grilling-render
